id_speaker,text,offset_video,duration
SPEAKER_10,dichiara aperta la seduta. invito il senatore segretario a Dare lettura del processo verbale della seduta di ieri.,13.297,8.032
SPEAKER_01,"seduta di ieri. prego, grazie, presidenza. aperta la seduta alle 18:03. si legge sia proprio il processo verbale della seduta del 5 luglio 2006. il presidente, dalle comunicazioni specificate in allegato, il resoconto aperte della decorrenza dei termini di preavviso prescritto dall'articolo 119, comma 1 del regolamento. pronuncia quindi il discorso sulla vittoria della squadra nazionale italiana al campionato del mondo di calcio. sul problema degli incidenti sul lavoro, prendono la parola il senatore Alfonso e totani, al quale risponde il presidente. portami il Senato pasta alla deliberazione sul parere favorevole espresso dalla prima commissione permanente ai sensi dell'articolo 78, comma 3 del regolamento, in ordine al disegno di legge numero 700 di conversione in legge del decreto legge numero 206 del 2006. intervento del senatore Pillon, estensore del parere. prendono una parola intanato ribaltato, Rossi, Fernando schifoni, Bonadonna, Stracquadanio, malanni, Vitali. previa verifica del numero legale, ha trovato il parere espresso dalla prima i lavori del Senato per un richiamo al regolamento e se viene il Senatore Boccia, Antonio dei lavori del Senato. intervento al senato di Saporito, Stracquadanio, melanzana e cartelli. a tutti risponde il presidente. il presidente avverte che il Senato tornerà a riunirsi in seduta pubblica martedì 11 luglio 2006 alle 16:30. ho l'ordine del giorno di cui da lettura. la seduta è tolta alle ore 19:30.",21.836,80.342
SPEAKER_10,"sono servazioni. perché non ti sei osservazioni? il processo verbale si intende approvato. l'elenco dei senatori in congedo e assenti per incarico ricevuto Dal Senato Sarà pubblicato in allegato al resoconto della seduta odierna. comunica che potranno effettuarsi votazioni con il sistema elettronico. di correre perciò Da questo momento il termine di 20 minuti per il preavviso di cui all'articolo 119, primo comma, del regolamento. onorevoli colleghi, la conferenza dei capigruppo che si è riunita questa mattina approvato a maggioranza il calendario dei lavori dell'assemblea fino a sabato 29 luglio. oggi pomeriggio dobbiamo procedere alla deliberazione per la costituzione, in giudizio del Senato, in Conflitto di attribuzione di fronte alla Corte Costituzionale, nonché alle votazioni sulle richieste di procedura abbreviata, ai sensi dell'articolo 81 del regolamento, per i disegni di legge relativi all'istituzione di una commissione governativa di indagine, sulla commissione degli anziani e sulla istituzione del luogo elettivo di nascita. a partire da domani mattina saranno posti all'ordine del giorno i decreti legge già approvati dalla Camera dei Deputati in materia di d&g, pubblica istruzione, per i quali si è proceduto alla ripartizione dei tempi tra i gruppi, Come già comunicato, per le vie brevi. gli emendamenti a questi due provvedimenti dovranno essere presentati entro le ore 19 di oggi. nella seduta antimeridiana di giovedì 13 luglio saranno votata a scrutinio segreto Il sistema con il sistema elettronico le dimissioni presentate dai genitori turco, pinza, Danieli, magnotti, bubbico, Giaretta, vernetti, maritati, Formigoni è Galan. andando avanti nella illustrazione di calendario approvato a maggioranza, con questa proposta Noi vi proponiamo di stabilire l'ordine dei lavori per arrivare alla conclusione del periodo pre teriale, con un punto finale sulla prevedibilità. ho previsioni di conclusione dei lavori pretoriani, che però alla fine, la prossima settimana, 1820 luglio, per i lavori dopo l'eventuale, in seguito dei due decreti, leggi in materia di Irap e pubblica istruzione, la eventuale ti passerà l'esame dei disegni di legge approvati dalla Camera dei Deputati per la ricostituzione di commissione inchiesta su antimafia, il ciclo dei rifiuti, nonché della proposta per la ricostituzione della commissione monocamerale d'inchiesta sul Servizio Sanitario Nazionale. nella seduta pomeridiana di mercoledì 19 luglio è previsto un dibattito su comunicazione del governo in relazione all'esame da parte del Consiglio dell'Unione, che si riunirà a Bruxelles il 24 luglio, del settimo programma quadro di attività comunitaria di ricerca e sviluppo tecnologico. quindi questo mercoledì 19 luglio, nella seduta pomeridiana i tempi di discussioni sono stati ripartiti per un complesso di quattro ore 6:30. nella seduta antimeridiana di giovedì 20 luglio sarà discusso la mozione con procedimento abbreviato Di iniziativa dei senatori De Petris ed altri concernenti nuove pratiche enologiche. per fare i dibattiti i tempi sono stati ripartiti per tre ore 40 minuti. nella stessa seduta saranno Poste a i voti le dimissioni presentate dal senatore Ma la barba. sono previste due sedute come dedicata al sindacato ispettivo: Giovedì 13 e giovedì 20 luglio. in relazione all'andamento dei lavori, le sedute dell'assemblea potranno essere convocate per consentire alle commissioni permanenti, ed in particolare alla commissione bilancio, di esaminare i provvedimenti di propria competenza con tempi adeguati. nell'ultima settimana di luglio, dalle ore 15 di lunedì 24 fino alla giornata di sabato 29, saranno discussi Innanzitutto il decreto legge per il rilancio economico e sociale, il decreto Bersani e il documento di programmazione economica e finanziaria, in cui tempi sono stati ripartiti rispettivamente per 16 e 12 ore. su questi due provvedimenti, nei limiti della compatibilità, raccolti anche quella Camera dei Deputati. io ho provveduto ad allungare i tendini del dibattito in aula, problema posto con forza da alcuni dei capigruppo con i quali mi sono incontrato questa mattina, della opposizione. Abbiamo, rispetto ad una prima posizione, allungato i tempi di questa discussione. il calendario prevale Inoltre. prevede Inoltre l'esame del provvedimento di proroga di missioni internazionali e del disegno di legge sulla partecipazione in società operanti nei settori dell'energia e del gas, ove a trovarti e trasmessi in tempo utile dalla Camera dei Deputati, del disegno di legge per la sospensione dell'efficacia di disposizioni dell'ordinamento giudiziario, nonché del bilancio interno e rendiconto del Senato. potranno infine essere istituite commissioni di inchiesta e speciali. per quanto riguarda il provvedimento così detto Mastella, che i lavori della nostra aula, in relazione ai lavori e in coordinamento con i lavori del Senato, della Camera dei Deputati, noi dobbiamo protrarre nel nostro lavoro, preferiamo è alla prima settimana di agosto, cosa che nei prossimi giorni siamo in grado di poter comunicare anche all'aula. in quel caso, è in relazione ai lavori anche della Camera dei Deputati, il provvedimento così detto Mastella potrebbe andare Messer al nella in discussione nella prima settimana di agosto, cioè l'ultima settimana utile per la nostra discussione. il calendario potrà essere integrato con la votazione per l'elezione della delegazione parlamentare presso l'assemblea io d'Europa, non appena i gruppi abbiano completato- Ed io gli sollecito ovviamente le comunicazioni delle propria designazione, ho l'esame, i documenti definiti dalla giunta, delle elezioni e delle immunità parlamentare, nonché con l'esame del disegno di legge in materia di amnistia e indulto, dove ha trovate trasmesso in tempo insieme alla Camera dei Deputati. quindi, come ho già detto in relazione all'andamento dei lavori, la conferenza dei capigruppo potrà essere successivamente. potrà successivamente stabilire l'eventuale calendario della prima settimana di agosto che per ora io non ho previsto in questa proposta che, come ho detto all'inizio, rivolgo al pongo All'attenzione alla decisione dell'aula. prego, senatore pasto.",105.148,535.578
SPEAKER_03,"Grazie, Presidente, per una proposta diversa sul calendario, e mi riferisco in particolare al disegno di legge 635, che lei ha battezzato disegno di legge Martella, se non sbaglio. io propongo che questo disegno di legge vada cancellato dal calendario che lei ha detto e quindi rinviato a settembre per una serie di ragioni che Vorrei esporre. in commissione affari costituzionali non abbiamo ancora discusso della corso qualità del provvedimento, Ma ritengo che, al di là del merito delle questioni che il provvedimento solleva- riferimento alla entrata in vigore del nuovo arrivo giudiziario- viene una questione di fondo: la risolvere ordinamento giudiziario. non interviene una materia, diciamo, di generica rilevanza costituzionale, ma interviene in una materia di Forte rilevanza costituzionale, tant'è che il legislatore Costituente nel 1947 ha introdotto la disposizione transitoria che in qualche modo manteneva in vita il vecchio ordinamento giudiziario, prevedendo In termine naturalmente ritenuto ordinatore non perentorio per il nuovo ordinamento giudiziario. oggi, presidente, abbiamo dopo 60 anni, una riforma dell'ordinamento giudiziario fatta naturalmente nel rispetto dei Principi costituzionali, come abbiamo potuto constatare anche da l'iter legislativo nella legge di delega, e con questo disegno di legge fermiamo questo processo. fermiamo questo processo che è già in ritardo di 60 anni. quindi questo pure già un problema di validità di un decreto legge- disegno di Lecce- che interrompe un cammino che la Costituzione richiede poi, libera la maggioranza attuale di modificare l'ordinamento giudiziario, di stravolgerlo, di integrarlo, di sopprimere norme e articoli, ma secondo me il cammino intrapreso Non può essere interrotto. ma vi è di più e vie di peggio, perché un pezzo di quello ordinamento giudiziario e già in vigore E questa vigenza del ordinamento giudiziario, di quel pezzo non trascurabile dell'ordinamento giudiziario, verrebbe fermato, si fermerebbero orologio della riforma e addirittura si riporterebbe, no, oggi indietro. questo credo che sia Sicuramente, oltre che una scelta legislativa assolutamente incontro al nostro ordinamento giuridico, ancor più contraddittoria in un contesto costituzionale che fa le l'ordinamento giudiziario uno delle una delle colonne portanti della dell'ordinamento costituzionale stesso. per cui, presidente, credo che sia opportuna una approfondita riflessione su questo punto. non so se sarà possibile in questo periodo e quindi propongo che venga tracciata da questo calendario: eventualmente discussione a settembre. Grazie.",644.203,242.67899999999997
SPEAKER_10,"Grazie, serrature pastore. ha la parola precedente Matteo.",886.882,5.41800000000012
SPEAKER_10,"ci rendiamo conto che lei ha cercato di presentarci un calendario con pochi giorni che rimangono per le vacanze estive e ha cercato di trovare le soluzioni per le quali Noi, questa mattina- Lei ha avuto la cortesia di ricordarlo- non abbiamo approvato il calendario, Tanto è vero che lei ha detto che il calendario è stato approvato a maggioranza. si dà il caso che nell'elenco delle cose che lei ci ha letto e che vuole portare All'attenzione dell'aula prima della chiusura, non sono state inserite quelle pochissime cose che come presidente del gruppo di alleanza Nazionale mi ero permesso di sollecitare. la prima, e mi pareva che ci fosse anche da papà ti colleghi, sicuramente del presidente del DS, c'era accordo sull'inchiesta sulle morte bianche dell'amianto. Lei non l'ha inserita tra i lavori che poi sei solo un pavimenti, voi a chiappe. io vi ho inserito qui. poi, infine, essere istituite le commissioni speciali che potremmo elencare anche qui alla Daniela e gocciole di Pat, ma la dizione c'è, che c'è questo problema. Non avevamo nessuna contrarietà. Comunque questo non ho detto perché ho di me, ovviamente resti All'attenzione dell'aula. Ma il problema serio del programma, del calendario che lei ci presenta, questo oggi è quello relativo alla giornata che va da lunedì 24 a sabato 29: non è possibile comprimere in una settimana che hanno questa caratteristica: il decreto Bersani, la proroga delle missioni internazionali, il DPS, la partecipazione in società operanti nei settori energia e gas. Noi abbiamo chiesto questa mattina con insistenza, e Ci permettiamo di farlo anche in questa occasione: noi desideriamo che decreto Bersani abbia almeno All'attenzione dell'aula tre giorni di dibattito. non è possibile presentare un decreto con 42, con 43 articoli, che stravolge una serie di normative, che Addirittura, in alcuni casi le cambia completamente, che inserisce fatti nuovi in economia, nel settore dei trasporti, nel settore delle assicurazioni, e poi in aula non si abbia la possibilità di di batterlo almeno per tre giorni in Chieri. lei praticamente comprime in una giornata il dibattito, anche se lunedì iniziamo nel pomeriggio e martedì vuole arrivare al voto. Praticamente abbiamo un giorno per poterti battere. lo stesso discorso vale per GPS, tps, America, per così come è stato presentato ad alcuni approfondimenti anche da parte della opposizioni. in questo modo non ci viene dato nessuna possibilità di poter contribuire alla stesura definitiva di questo provvedimento. e non è secondario il fatto che lei inserisce anche la partecipazione in società operanti nei settori energia e gas. Eh beh, questo non è un provvedimento di poco conto. questo provvedimento che interessa tutti gli italiani, è un provvedimento che più volte noi ci siamo anche permessi di dire che, almeno per quanto riguarda l'energia, dovremmo trovare un modo di aprire un tavolo e discutere tutti insieme maggioranze. per questi motivi Concordo con quello che ha detto il senatore pastore Per quanto riguarda la sospensione, la sospensione dell'efficacia dell'ordinamento giudiziario. 635, che anche lei stesso lo prevede, nella prima settimana di agosto, qualora ce ne siano i presupposti, ma che comunque, a mio avviso, può essere rimandato tranquillamente alla ripresa a settembre. per questi motivi noi non possiamo votare questo calendario, noi voteremo contro questa proposta di calendario, A meno che lei non voglia di vedere, soprattutto per quanto concerne il decreto Bersani, la possibilità di aprire qui, in questa aula, un dibattito di almeno tre giorni interi, che ci consenta, anche ai gruppi di opposizione, di potere portare un contributo alla stesura del provvedimento stesso. grazie, grazie, senatore Mattioli. la parola al senatore Cagliari.",900.146,306.7360000000001
SPEAKER_02,"grazie, signor presidente.",1216.147,2.227
SPEAKER_14,Grazie Pina.,1216.485,0.742
SPEAKER_02,"dal calendario dei lavori vedo che non è compreso. la discussione è la possibile votazione della mozione relativa al ritiro della firma dell'Italia nella cosiddetta dichiarazione etica presentata dal senatore Mantovano E da me, se lo ricorda presidente, questa mozione tu presentata con dichiarazione e con procedura d'urgenza ai termini del regolamento e in sede di discussione in quest'aula, riconosciuta la necessità di una discussione anche sulla mozione, ma individuandone il valore politico, a prescindere dal riferimento alle scadenze contingenti del Parlamento Europeo, Fu detto che sarebbe stato meglio la discuterla e eventualmente pronunciarsi su di essa dopo l'audizione in commissione dei ministri Musti è del ministro turco. queste furono alcune indicazioni che giunsero dai banchi della della maggioranza. Ecco, ora queste audizioni vi sono state e, per quanto evidentemente anche le scadenze contingenti del Parlamento Europeo si sono compiute, il valore politico di una discussione, nel caso di una votazione di quella mozione, di altre, non mi sembra venuto meno. per questo, presidente, Le sollecito e Rei e consiglierei la possibilità di un inserimento della discussione di quella mozione che, le ricordo, fu messa ai voti l'urgenza e fu bocciata solamente per 8 voti nella giornata del 4 luglio, giorno del quale è già convocata l'aula dalle 15 alle 22, Eventualmente questo potrà comportare lo slittamento di alcune delle cose all'ordine del giorno in quella giornata, nel giorno subito seguente. Grazie per.",1219.016,140.046
SPEAKER_10,"io, senatore Quagliariello. c'è una sola spunta che vorrei sottolineare, in aggiunta a quelle due cose che ho detto in presentazione del calendario. c'è una richiesta Specifica e a mio avviso giustificata a discutere di questo problema prima del giorno 24, in quanto il 24 le decisioni del parlamento diventando operative con l'accettazione da parte del consiglio, decorre dall' la operatività della scelta è l'ordine del giorno approvato anche la Parlamento a fare correre quindi a me- ho accettato questa richiesta di colleghi, anche le sue chiaramento perché prima del 24 chiama questa discussione venga fatto bega conclusa, perché se qualche riflesso come sia possibile rimanere anche nel momento della operatività, il tempo mi sembra giustificato anticiparlo un po' rispetto al 24. questo è stata la ragione, nel momento in cui Vogliamo ascoltare la posizione del governo con questo punto, di mettere qualche giorno prima il 24, solo un chiarimento, che naturalmente non la toglie così dette.",1361.508,76.19100000000003
SPEAKER_02,"toglie. presidente, grazie del tuo chiarimento rispetto alla data alle tue considerazioni sono del tutto pertinenti e approvato quello che volevamo segnalare: la possibilità, in quella di fusione, di agganciare la discussione anche delle emozioni che sul tema sono state fin qui presente.",1436.585,22.899
SPEAKER_10,"Comunque, la ringrazio, andiamo avanti al chiesto la parola il senatore Castelli, presidente cast.",1460.227,6.396
SPEAKER_19,"Sì, grazie presidente, lei ha dato seguito con grande puntualità le osservazioni che sono state fatte stamattina in sede di conferenza dei capigruppo. le do atto che ha allargato i tempi che c'erano stati assegnati relativamente al decreto legge 223 e anche per quanto riguarda il DPF. però mi permetto di osservare, signor presidente, che comunque, stanze la rilevanza degli atti, più che il DPF- che, se vogliamo, Ormai è diventato una sorta di rito con poche ricadute di natura pratica sulla vita del paese, ma soprattutto il cosiddetto decreto per sani ha ricadute enormi. su questo punto, Tra l'altro, vi sono Circo delle cifre che sono assolutamente discordanti le une con le altre. la relazione tecnica parla di centinaia di milioni per alcuni provvedimenti contenuti appunto in questo provvedimento. vi sono invece dei calcoli fatti da alcune associazioni autorevoli che parlano: i tuoi, i miliardi di euro. però siamo di fronte a un provvedimento che è ancora più di un provvedimento Omnibus, direi che diventa quasi una mini finanziario. mi fidanzia Ria- che prevedibilmente sarà da discutere a lungo, ma soprattutto Vedrà una serie notevole di emendamenti, perché sappiamo, la nostra esperienza ce lo dice- e quindi emendamenti con necessità, che vengono illustrati, che vengono discussi, A meno che il governo- non voglio ancora una volta- non abbia già in animo di intervenire con l'ennesima fiducia. Io sono a chiederle, presidente, un ulteriore allargamento dei tempi che ci sono stati concessi perché, ripeto, Siamo di fronte a un provvedimento di grande, anche per Le ricadute mediatiche che ha avuto nel paese. ricordo che in questo momento mi sono numerosissime categorie che sono in agitazione, ricordo la categoria dei professionisti che si è vista capitare tra capo e collo una sorta di riforma, Che riforma non è, ma sono provvedimenti di natura meramente punitiva. però non voglio entrare nel merito al provvedimento Perché mi rendo conto che andrai fuori tema e quindi credo che sia necessario, sotto questo punto di vista, come minimo questo l'ha proposto, che io faccio: raddoppiare i tempi che ci sono stati concessi. la seconda questione, anche se una questione di natura cronologica: abbiamo visto che l'ultima settimana- e questo non è una novità, è già accaduto molte volte durante i lavori di questa, di questa camera- e di fatto una settimana assolutamente piena- questo Di solito viene quando si prevede che poi lavori si Chiusano. quindi i senatori si adattano a fare un sacrificio. sacrificio che, sia ben chiaro, Non è inteso nel senso di lavorare di più, ma di rinunciare a tutti quegli impegni che noi, tutti quanti noi, prendiamo sul territorio, prendiamo con la società civile, prendiamo con gli elettori, perché sappiamo tutti che i lavori d'aula sono soltanto una parte del nostro lavoro. lei ci ha prospettato un calendario e ci impegnerà da lunedì a sabato, Cioè tutta la settimana. Ora c'ho, potrebbe andar bene Se sabato fosse una data inderogabile, Ma se poi lei ci dice: Guardate però che potremmo lavorare anche la settimana prossima, E allora delle due l'una, Io credo che dobbiamo prendere una decisione. non sarò certo io a dire che non lavoriamo anche la prima settimana d'agosto, ma se lavoriamo la prima settimana d'agosto, Allora la settimana di luglio diventa una settimana routinaria e non Sica, che dobbiamo impegnare la per 6 giorni. diventano i tre giorni canonici che tutti quanti conosciamo e quindi i numerosi impegni che sicuramente- senatore, opera sul territorio potranno essere, potranno essere rispettati. Quindi io chiedo che questo equivoco abbia una soluzione, Chiudi dirimere questa questione che non possiamo portare avanti in via, Tra l'altro, del tutto ipotetica. sia l'una che L'altra opzione. Decidiamo in quest'aula che cosa fare. Io ovviamente mi rimetterò poi alla maggioranza, Come del resto è ovvio, è logico, inderogabile- dicendo che probabilmente Potremmo avere una preferenza per quanto riguarda chiuso i lavori entro la fine di luglio. Infine, c'è la questione, la vetrata, questo sulla quale abbiamo discusso tanto stamattina in sede, i capigruppo, Abbiamo discusso anche oggi in aula. adesso intervento sia del senatore pastore, del senatore Matteoli, la questione del cosiddetto Mastella. presidente, Qui abbiamo già detto molte volte che non vi è alcuna necessità e urgenza di questo provvedimento, che è stato semplicemente, almeno fino ad ora, un provvedimento di bandiera, un segnale mandato ai magistrati, di cui questa maggioranza è Paladina, della volontà di voler cancellare quelli che sono i decreti legislativi più pregnanti in questa materia. su questo è il governo rgt matafaro, non c'è nessun dubbio. ma non si capisce qual è la ratio: voleva a tutti i costi anticipare questo provvedimento, atteso che non avrà alcun effetto pratico, perché poi dovrò andare alla camera e sicuramente non credo, signor presidente, che la chiamerà, voglio impegnarsi Su questo tema né in agosto né in settembre. E quindi la questione per le lunghe, per cui nessuno degli obiettivi che si era posto verrà raggiunto. e quindi non cambia nulla dal punto di vista pratico, non cambia nulla nemmeno a ipotizzare segnale politico. perché? perché ormai credo che anche in magistrale abbiano capito che era un segnale di bandiera. ma soprattutto, signor presidente, c'è una questione nuova delle 13:53, che io l'assegno a lei è tutta Laura, perché credo che il mito e interno amato abbia reso in commissione affari costituzionali delle affermazioni di una gravità inaudita, che un interesse la soltanto gli addetti ai lavori con riflessi o come giustizia, ma interessano tutto il Parlamento, è tutta la società. amato, dichiarato, Cito testualmente, non credo che l'ansia non sia veritiera. sono esterrefatto da ciò che accade in Italia. non attivamente alla pubblicazione intercettazioni e mi dicono che c'ho a casa da molto tempo. Io chiedo mio a te, a parte i colleghi per credo che un ministro che abbia dichiarato una sede ufficiale, così questa natura, veramente debba poi venire anche in Parlamento a riferire più compiutamente. È una prassi talmente consolidata, quella la Punto di divulgare, preparare intercettazioni, che alcuni giornalisti mi dicono che Esistono contratti di fatto, tre giornalisti e Chi fornisce le notizie e collegamenti tra procura e giornali per cui viene data al giornalista una password per entrare nel momento in cui un altro viene dato i difensori, cioè il ministro interno dice che esistono ai contratti di fatto 3 giornaliste, procure per preparare notizie che sono riservate. lo dice in parlamento e miso all'interno. per cui io chiederò nella prima riunione utile della commissione giustizia che, prima di andare avanti, Solo esame il decreto Mastella. avvocato il ministro amato per il riferire più compiutamente. cosa intendeva dire? credo che sia sua vera in questo momento, dichiarare Chi sono questi giornalisti che hanno fatto a lui quello che dichiarazioni perché hanno ricevuto e lui è un pubblico ufficiale, ha ricevuto la notizia di reato, non può fermarsi e ringrazio di questa natura. questo ci dice qual è l'inquinamento che oggi vige nelle procure italiane. Cosa c'entra col Mastella? c'entra, signor presidente, perché oggi L'unico strumento innovativo che il Parlamento ha introdotto per porre un freno a questo malcostume e il decreto legislativo sulle procure Oggi finalmente è già legge, abbiamo un procuratore capo che responsabili quanto accade. Io credo che se la maggioranza vuole abrogare questa norma- che, ripeto, Oggi è l'unico strumento efficace che noi abbiamo posto in essere per poter frenare questo scandalo, credo che si assume responsabilità enorme: quello su quello mobilitare tutti, perché sicuramente una questione che travalica un confronto tra maggioranza e opposizione. Per questo hai chiesto al presidente che, proprio come segnale anche politico e scegliere di volontà da parte di questo Parlamento, i parchi Arezzo su questi scandali, il- il disegno c'è- Mastella- venga cancellato al calendario. grazie,",1468.26,562.19
SPEAKER_12,Grazie.,2030.45,0.608
SPEAKER_10,"grazie, grazie, presidente. cartoni la parola al Senato Restaurant.",2030.501,5.990000000000009
SPEAKER_17,"Grazie, prof.",2039.698,1.198
SPEAKER_18,io ho da aggiungere.,2042.381,2.3969999999999345
SPEAKER_10,ho da aggiungere rispetto al ragionamento che ha proposto il presidente del mio gruppo. solo una questione in merito al calendario che lei,2044.524,9.973
SPEAKER_15,che l'autostrada.,2054.497,0.759
SPEAKER_10,"mostra dell'assemblea e la ha messo come riserva la prima settimana d'agosto, se possa servire. in pratica ha detto questo: te l'ho messa, servito, alterato, potremmo utilizzarla. Immagino che alla base del suo ragionamento ci sia la necessità di utilizzare il tempo che di qui ci separa l'inizio delle ferie estive, poi puoi.",2055.982,23.187000000000353
SPEAKER_12,"i provvedimenti che il parlamento, nei due rami, possa trasformare in.",2079.168,3.544
SPEAKER_10,"Bari Lecce. Allora, qui c'è un provvedimento, non in questo programma, incluso l'armadio che viene proposto- che probabilmente per il serio rischio di non essere trasformato in legge- faccio riferimento a quello che lei ha detto sulla ricostituzione della commissione antimafia e cerco di spiegarmi in pochissimi secondi. vede, la commissione antimafia probabilmente non lavorerà ad agosto, anche se il Parlamento dovesse convertire il provvedimento, questa provare provvedimento entro la fine del mese. ci sarà sicuramente, alla luce del dibattito che c'è stato in commissione affari costituzionali, una accesissima discussione su uno dei punti, dico la legge, l'articolo 4, che è quello che prevede la possibilità, per la prima volta mi si dice che i membri della commissione antimafia, con la maggioranza particolare, possono addirittura crociera ad arresti e poi ti lamenti intercettata, far procedere Zare provvedimenti di arresto. ti prendi la mente di intercettazione di so diversi perché ha scatenato, Ovviamente, nella lettura del provvedimento, apprezzamenti non propriamente positivi da parte di tutti i commissari della commissione. Oggi abbiamo registrato un impasto avuto alle dimissioni del presidente Mancini per la vaccino, per l'altro in carico, al quale è stato chiamato dal Parlamento. lo stesso relatore ha sollevato perplessità su quell'articolo. il ministro amato in commissione ha fatto letteralmente a pezzi- Mi scusi il linguaggio, non propriamente adatta un'aula parlamentare- il quell'articolo. Io credo che probabilmente ci sarà la navetta in omaggio al bicameralismo su questa legge. Ora chiedo se è il caso di anticipare, come mi pare di aver capito, addirittura al 18, la discussione sulla Costituzione commissione antimafia, Ma anziché prendere il prendere prima provvedimenti che magari siamo certi di poter condurre fino in porto incontro in porto, fine del mese. io vedo che su questa questione ci vogliamo molta prudenza, perché prima di dover approvare incondizionatamente quello che ci abbiamo già arrivato alla camera, abbiamo la necessità di approfondire Che cosa vuol dire quella norma. è per questo io propongo, diciamo ovis, calendarizzare la dalla sessione che si conclude col mese di luglio, o di portarlo all'ultimo punto, perché credo che in commissione avremmo bisogno esattamente, almeno con avvenuta la camera dove lo state tu e sedute due, con due settimane di lavori parlamentari in commissione, di poter dire Altrettanto anche nella nostra: Grazie ristorante. La parola. senatore Zanda.",2083.843,161.12300000000005
SPEAKER_18,"Grazie per niente. prendo la parola brevemente soltanto per dirle il nome del gruppo delle olive che tutto, tutta la maggioranza, aver apprezzato modo particolare il calendario, La scadenza dei lavori che lei ha dato ha programmato per Laura per questa ultima fase in questa sessione parlamentare. in modo particolare voglio darle altro che molto apprezzamento delle allungamento dei tempi e per discussione particolare a favore del della discussione per i parlamentari dell'opposizione ieri in questa va se ti battuta incidentalmente a fine ricevuta quest'argomento. avrei fatto volentieri che con la sua decisione di oggi la possibilità dell'aula di discutere viene ulteriormente aumentata e quindi le voglio comunicare a nome di tutti gruppi della maggioranza che ritiene necessario che non si lavori. procedono secondo le indicazioni che lei ha dato in apertura di seduta laringe.",2252.238,67.92299999999977
SPEAKER_10,"Grazie, senatore Zanda. parola al presidente schifo.",2324.295,3.915
SPEAKER_12,Come si dice.,2331.872,3.021
SPEAKER_11,"Grazie, Presidente. presidente, io prendo atto e credo che, con la condivisione dei colleghi della casa e le libertà degli sforzi che lei ha effettuato sia in conferenza dei capigruppo sia in occasione della lettura dell'ultima formulazione di verbale sulla tentativo della composizione di un calendario da condividere all'unanimità, alcuni punti sono stati portati avanti in maniera soddisfacente, altri hanno trovato un freno e in alcune esigenze del governo, della maggioranza, ma che noi non condividiamo. sull'argomento relativo alla legge Mastella, io in capigruppo Mi ero fatto o carico, nome della nostra coalizione, di prevedere addirittura la cancellazione all'ordine del giorno, perché riteniamo che un argomento delicato, che prevede sostanzialmente quasi la cancellazione di una importantissima e strutturale riforma sull'ordinamento giudiziario, che tra l'altro è in buona parte già entrata in vigore, o corrette che la commissione giustizia e siamo viste nei tempi canonici i propri lavori, tempi che noi individuiamo Secondo il regolamento in 60 giorni. ho chiesto- prendiamo anche adesso scorso- ma ci chiediamo perché quando è la c'è in formato adesso in aula- che andrebbe? andrebbe nell'eventuale ordine del giorno della prima settimana di agosto ore il Senato dovesse riunirsi in quella settimana? in questo trovo un passo in avanti. sicuramente nello stesso tempo- mi si consenta, presidente, un pizzico anche di contraddizione, In che senso che se quella settimana dovesse essere destinata o torto collo alla nana- provvedimenti urgenti e indifferibili, tali da indurre questo ramo del parlamento a lavorare anche la doccia. Noi non ci sosterremo, Questo naturalmente, questo lo si dovrebbe per argomenti relativi alla decretazione d'urgenza e relative a modifiche di testi legislativi. Mandateci alla camera esigenze sostanzialmente che, anche se non condivise, vero, del merito, dovessero obbedire a delle motivazioni e di carattere legislativo e quindi istituzionale. così non è, per cui io mi permetto di insistere, pure prendendo attori, conoscendo la presidenza, di avere compiuto il massimo degli sforzi per venire incontro a questa nostra richiesta. io, lo stesso tempo, non posso non condividere gli interventi dei colleghi che mi hanno preceduto la casa di libertà Sulle esigenze di dare più tempo e più spazio al dibattito relativo al Decreto Bersani. vero, Sono presidente, Qui si tratta veramente di una manovra, non soltanto chiare, ma una manovra ordinamentale, che tocca l'impianto delle libere professioni, del Commercio, dell'Industria, dell'Agricoltura, nel settore immobiliare. abbiamo una serie di scioperi conclamati, dichiarati e alcuni in corso, che stanno sostanzialmente quasi spaccando il paese. c'è uno sciopero degli avvocati in corso, che è stato uno sciopero dei taxi. vi sono altri scioperi e agitazioni proclamata delle farmacie, di è un terreno in ebollizione che, secondo noi, è il segno di un malcontento che va un attimo attenzionato, sul quale occorre una riflessione massima, la parte del governo e da parte di questa posizione che si sta muovendo con responsabilità, ascoltando anche i rappresentanti di queste categorie. a questo posizione non sfugge il senso della positività di alcune norme relative alla liberalizzazione, perché andavano in quello che era la nostra politica, però riteniamo che non si sia perso il senso della liberalizzazione, sia inteso intervenire sua soltanto su alcuni settori, non su altri. non si è seguito l'iter della concertazione, si sono adottate procedure d'urgenza in post enorme, già in vigore, nei confronti di categorie che si sono viste piombare delle norme già vigenti senza essere stata mai consultate. e poi si nasconde dietro il tema della liberalizzazione quello che il vero senso della manovra, una manovra con la quale sostanzialmente si mette un grande occhio, un grande controllo sulla libertà dei cittadini, con una pseudo schedatura che tocca tutti i movimenti finanziari dei cittadini, che tende a creare in un archivio che sfuggirà a quelli che sono le esigenze di tutela della privacy- e al riguardo credo che oggi l'audizione del presidente della RAI, del Authority, sulla privacy sia stata interessante, talché derivato di far avere alla commissione, che l'ho ascoltato, delle riflessioni e che noi riteniamo importanti. è un provvedimento strutturale forte, non è un provvedimento soltanto finanziario, È un provvedimento che interviene su tutti i settori dell'economia Ma anche sulla società civile. quindi riteniamo, ritenevamo che occorresse, occorressero dei tempi maggiori i tempi così come sono stati chiesti al collega Mattioli dal collega Castelli. quindi io non posso che associarmi sulle loro richieste ed insistere sulla possibilità di una cancellazione, se tu informale, Perché mi rendo conto che il la sua proposta e con tanti sei nel senso, se si terrà aule primi di agosto e altro. insistere Comunque, per un atto di chiarezza- sono presidente in Natale, che tutti si sappia che di questo disegno di legge Se ne riparlerà alla ripresa dei lavori, là dove, quando la commissione avrà serenamente esaurito il tempo, ha segnato le per esaminare questo testo.",2336.478,355.18499999999995
SPEAKER_10,"Grazie, Presidente Schifani. la parola al senatore Cutrì.",2695.46,6.126000000000204
SPEAKER_04,"Sì, grazie. sono presenti? Io molto probabilmente solo per ribadire la nostra perplessità per un calendario, per altro che presenta degli impegni e dei pesi un po' squilibrati verso l'ultima settimana, provvedimenti, l'ultima settimana presunta, tranne poi prolungamenti, di cui si sta parlando, che riguardano cose centrali, interesse, noi soltanto vorrei sottolineare- di categorie o di categorie o cittadini, ambienti di questo paese. il provvedimento che firma Bersani purtroppo danneggia cittadini che tutto possiamo riferire meno che abbienti. è un provvedimento che tocca diversi interessi e li tocca proprio all'inizio dell'estate, quando sembra non si voglia dare capacità di reazione AL le due camere, né ai partiti politici che sono interlocutori di queste categorie, di questi cittadini. è consigliabile, eventualmente, anticipare alla penultima settimana alcuni argomenti di questa natura e di questo peso, poterli quindi di battere con serenità in questo ramo del Parlamento e diluire gli impegni Magari anche nella prima settimana di agosto. e poi ho anche ricordare quelli che spesso sono dimenticati dopo tanto tempo si è dibattuto in relazione a provvedimenti che riguardano la popolazione delle carceri italiane e magari, per quella urgenza o per un'altra urgenza, vengono in qualche modo sottovalutate proprio alle porte dell'estate, Quindi al periodo peggiore che devono sopportare questo tipo di cittadini che hanno sbagliato e che stanno pagando pagamento, Forse per questo tipo di urgenze. gli volta ancora le spalle? perché non, viceversa, rinviamo qualcosa A settembre, come ad esempio proprio ordinamento giudiziario, lasciando che questo faccia il suo corso all'interno della commissione e ci occupiamo di questo settore, pensando a colori quali sono più deboli, e ti richiamo una seduta, due sedute, a questo problema per risolverlo finalmente. Ecco, Queste sono le circostanze, fra le circostanze, che ci convincono ad essere contrari a questo.",2704.86,153.98399999999992
SPEAKER_10,"chi c'è ancora? Pierino, non ci sono iscritti a parlare per il momento e non vedo richieste. vediamo di organizzare bene i nostri lavori. Noi abbiamo finora specificate alcune richieste di modifica della proposta di ordine del giorno. Senato nel pastore Matteoli castelliit.",2860.92,36.93899999999985
SPEAKER_10,"i cani mi pare siano concordi nel chiedere il mio in una: la ripresa, dopo le teorie, della discussione del disegno di legge, per capirci Mastella. Questa è la prima, mi pare senza ambiguità, richiesta di modifica. ce n'è una seconda, che io ho specificato chiaramente: il tempo, pur riconoscendo alcuni capigruppo della posizione che si è fatto qualche sforzo per allargare i tempi di discussione in aula, sul cosiddetto decreto Bersani e anche sul documento di programmazione economico-finanziaria.",2898.922,50.28800000000001
SPEAKER_12,corso per Allah.,2938.68,0.489
SPEAKER_10,"problema di un allargamento ulteriore. io non per togliere forza questo argomento, perché se io poi penso al documento di programmazione economica e finanziaria, nessun contenuto strategico, quando che prefigura poi la finanziaria, più si discute In senso positivo, Si approfondisce meglio però il decreto Bersani e anche il documento va oltre alcune modifiche strutturali che sono state richiamate, anche provvedimenti che toccano l'agibilità immediata nell'azione di governo, io credo, in rapporto a quello che sarà l'altra camera e al momento di scadenza del decreto, oltre lo sforzo di portarlo- non è un giorno, solo un giorno e mezzo. io mi rendo conto che rispetto per la discussione in aula rispetto alla richiesta prima mi pare, non ricordo bene Da chi passa, non per i suoi tre giorni, almeno forse è presente, ma è la metà però uno sforzo- e sottolinea anche che la commissione quinta, con il concorso delle altre tre commissioni- voi molto in questo- la giustizia, l'industria E le finanze- hanno avuto e c'è stato un dibattito ripetuto lungo due settimane discussioni- possono avere con la possibilità di presentare alla quinta anche espliciti emendamenti da poter essere valutati. io proprio vi assicuro che se dovessi la possibilità di allargare ancora di più questo dibattito, non è che non mi capisca le ragioni, però c'è anche il fatto della operatività e delle Alpi, casa del nostro discorso rispetto alla soluzione di problemi, alla seconda, la terza di fare Toccata e chiaramente dal Aniello non li proprio. devo dire che anche il merito alle motivazioni di chi ha di più richieste,",2950.104,126.14100000000008
SPEAKER_14,senatori.,3069.123,0.219
SPEAKER_10,"più richiesto di rendere operativa l'innovazione della legge operante da Marco su questi problemi delle tecnologie, sulla situazione animali e vegetali, tecnologie nuove che toccano anche proprio il cuore della vita dello zio. Chi ha posto quel problema? ha chiesto un dibattito per la possibilità di Batti il parlamentare il problema di sostanza: perché prima del 24 ci siamo a discussioni, ascoltiamo il governo, perché poi dalle 24 diventa operativa la decisione presa anche dal Parlamento Europeo in messa all'ordine del giorno della riunione del 24, dalla, dalla presidenza finlandese. il resto non è che non mi pare che si entri un contrasto sostanziali su questo punto. io credo che nella settimana che ho indicato li possa essere collocato operativa questo tipo di discorso. debbo dire che, naturalmente, se vado errato Kijiji un po' correggermi, Ma anche gli stessi senatore D'Onofrio il bottiglione avevano posto nella richiesta del rapporto con la presidenza e con gli altri gruppi o all'interno della commissione, dove hanno risposto e prima del 24 ci fosse questa possibilità. quindi la sostanza mi pare rispettata- è che il senatore Castelli, presidente Castelli, chiedo una cosa a operativa, che prevede la continuazione dei nostri lavori nella prima settimana di agosto. bene, la pesantezza che inserisce un rapporto sempre politico con gli ambienti e con le forze che si rappresentano, Insomma, da lunedì a sabato, questa mattina ragioniamo se c'è l'ulteriore settimana, se si può appena alleggerire questo tipo di impegno. Il fatto è che io non sono in grado oggi. non deve che mi possa aiutare nemmeno la dichiarazione del governo in questo momento, nel rapporto con la camera e nel rapporto con il problema al posto. da ultimo, dal senatore cutrufo, la discussione alla camera. lì c'è aperto la discussione sul problema, in particolare dell'indulto, mi pare, su cui credo che faremo bene i troni a non alzarli, ma vedere nel rapporto tra le due camere Quali sono le ragioni di operatività possibili, reali, prima di eco, per il chiarimento, domani in queste ore, l'ok, Romani con la camera, per vedere anche i punti di conclusione dello lavoro. non perisce ora di dire no, ti propongo di così, ma non c'è dubbio che io, magari solo per questo, I capigruppo nei prossimi giorni. Appena hai chiarito con la camera il problema della durata e dell'impegno possibile la prima settimana, io mi scoccio di capi gruppo per parlare di questo e magari di qualche aggiustamento che possa essere proposto. Quindi io credo Insomma, che da parte mia, di particolare su quest'ultimo problema non sia serio assumere un impegno. le tue motivazioni possono capire. lo stesso a Castelli, al senatore Castelli anche questa mattina, Ma ribadisco che nel giro di un paio di giorni. questo problema va sciolto nel rapporto con la Camera dei Deputati e Condove A convocherò.",3076.869,225.53499999999985
SPEAKER_10,"quanto si è aperto in questo senso e con questa ultima precisazione che può consentire uno spazio di riflessione ulteriore, questo dei capigruppo, chiarito il problema della settimana o meno, Io Vi pregherei di approvare questa stesura perché lo sforzo che si poteva fare stato fatto. questa è la mia confusione. Prego, Prego, Prego. senatores, ora non voglio interferire su saltato. No, non ho saltato la tua riflessione, Ma lei mi ha detto che c'è un dibattito in corso nella commissione sulla",3309.845,46.001000000000204
SPEAKER_10,"e non sento senza dibattito una parola gentile rispetto al pesto dentro della camera. Credo che dovremmo impegnarci, Però non vorrei sbagliare le parole preziose. relatore, Credo che questa sia la versione che, non si sa, lui può esaurire noi in una settimana in commissione e nemmeno in aula, e sicuramente, penso, non nei termini approvati alla camera. non diventerà. Secondo me, però, chieda anche alla legge entro entro l'inizio dell'estate. Forse abbiamo più tempo per discutere di altre questioni e ho capito su questo voglio ascoltare il precedente alla commissione con Line dibattito e vedere poi termina giorni che dobbiamo prendere. Queste erano le cose che volevo dire e le spiegazioni doverose Da fornire all'aula per dire che, insomma, con quella apertura e quella possibilità di discussione di alcuni aspetti, di portare il l'approvazione, la proposta che ho fatto. Hai chiesto la parola il senatore calde.",3357.5,65.98099999999977
SPEAKER_18,"grande presidente, proprio un minuto per poterti.",3424.494,6.513999999999669
SPEAKER_10,"dove poter dare un contributo per risolvere i problemi di tutti, perché non ci si può nascondere e ci troviamo in questa situazione per il fatto che per un certo periodo l'attività del governo non è stata esagerata dal punto di vista legislativo, è l'attività del Parlamento è stata francamente nulla. Ho visto nei giorni scorsi, collega Pianetta, che le ha inviato una lettera per poter restituire lo stipendio proprio in funzione dello scarso lavoro che abbiamo svolto, avendo un cosiddetto intasamento a fine del mese. è l'inizio del mese. credo che si possa trovare il tempo per discutere con i tempi necessari E comunque, tipo di provvedimento. Ritengo che lei sicuramente è un",3431.008,48.499
SPEAKER_18,Sicuramente è un esperto del mondo del lavoro e quindi potrà comprendere il discorso che le fa.,3479.507,3.611
SPEAKER_04,"discorso che le faccio, il congedo ordinario, così come",3483.118,3.544
SPEAKER_10,"ordinario, così come il periodo della sospensione estiva e funzione del lavoro svolto, che se dovessimo considerare il lavoro svolto, Io creo",3486.51,7.493
SPEAKER_18,Io credo che i genitori non abbiano diritto. iPhone.,3494.002,2.717
SPEAKER_10,"hanno diritto al congedo ordinario. quindi propongo che nel mese di agosto, Se ci sono cose importante da discutere, le si disputa siccome qua a lavorare, perché ciascuno ha famiglia. io ho avuto.",3496.719,12.724
SPEAKER_18,"Io ho avuto la fortuna di perdere ha recentemente, Non per farti 13, ma per un colpo di fortuna.",3509.443,4.995
SPEAKER_10,"quali fortura, e quindi ritengo che si debba venire qua a lavorare.",3514.438,4.320000000000164
SPEAKER_14,avere.,3518.758,2.177
SPEAKER_10,"Senatore Calderoli o? la ringrazio per l'aiuto. Anzi dice, presidente Calderon, è il problema della difficoltà di avvio della zona di governo del raccordo. ci può essere anche stata, Ma ora siamo già nel pieno del lavoro. io ho proposto la prima settimana, non proposto. ho espresso una disponibilità del presidente a verificare, a riportare in aula nel più breve tempo possibile la possibilità di lavorare nella prima settimana. Io credo che non ci sia il senatore qui che, dinanzi a fatti straordinari, Se tiri dietro dall'impegno in agosto in qualsiasi altro mezzo della. Però ora ragioniamo sulla prima settimana e vediamo anche quella proposta che ho fatto io di vedere quali spazi ti possiamo conquista.",3521.458,48.246
SPEAKER_14,"Senatore Calderoli o? la ringrazio per l'aiuto. Anzi dice, presidente Calderon, è il problema della difficoltà di avvio della zona di governo del raccordo. ci può essere anche stata, Ma ora siamo già nel pieno del lavoro. io ho proposto la prima settimana, non proposto. ho espresso una disponibilità del presidente a verificare, a riportare in aula nel più breve tempo possibile la possibilità di lavorare nella prima settimana. Io credo che non ci sia il senatore qui che, dinanzi a fatti straordinari, Se tiri dietro dall'impegno in agosto in qualsiasi altro mezzo della. Però ora ragioniamo sulla prima settimana e vediamo anche quella proposta che ho fatto io di vedere quali spazi ti possiamo conquistare.",3521.525,49.1579999999999
SPEAKER_10,"pastore, del pastore prego.",3571.155,5.704
SPEAKER_03,"prego tutti i presidenti sulla istituzione della commissione di inchiesta sul fenomeno della mafia, piano ben compreso, le terminazioni almeno che ha che ha indossato prima, siccome il testo prevede: approvato la gara di convincerti, ultimato meno in commissione e in commissione di. sono questioni molto rilevanti che investono, così li dico, la verità, sui quali si è pronunciata l'altro oggi è anche in maniera indiretta, il Ministro dell'Interno, da Cortona lista e non da Ministro dell'Interno per formare dibattito commissione ha riguardato anche questo punto. credo sia opportuno prevedere o ultimato la commissione, oppure es pungerlo dal calendario, perché in effetti vi è un articolo 4 che sembrerebbe attribuire alla commissione giudiziari anche incidenti sulle Libertà individuali, sulla libertà di comunicazione, l'altro che molti dove sono convinti che la commissione di indagine inchiesta, non abbiamo un po' sapere però un tema che Stiamo affrontando.",3575.441,75.583
SPEAKER_02,"Ciao, affrontando, Grazie.",3651.682,3.274
SPEAKER_10,"tagariello. senatore Quagliariello, prego per una precisazione.",3654.45,4.4890000000004875
SPEAKER_21,precisazione.,3658.938,2.329
SPEAKER_10,ci stiamo lavorando o vogliamo incontrarci.,3662.668,5.282
SPEAKER_21,vogliamo contraddirsi subito.,3667.95,1.552
SPEAKER_02,"per una progettazione. D'altra parte, credo, implicita nelle sue parole- e non ci ha dato Fatto, Torno a farlo- che le tue considerazioni rispetto alla data sono assolutamente condivisibili e Congo, mi riferisco alla data di discussione del settimo programma quadro di attività comunitarie- e le chiedo di volevo appunto che mi chiarisce questo punto che è, implicitamente, mi dice che le emozioni che sono state presentate su questo argomento, quelle dal senatore Buttiglione Innanzitutto, e poi quella del senatore Mantovano, che mia, vanno connesse, collegate alla discussione prevista per la giornata del 19? Grazie del chiarimento.",3669.502,49.697
SPEAKER_12,chiarimento presente.,3719.199,0.878
SPEAKER_10,"Dammi, celatore, io ti ascolteremo, il governo. a quel giorno verrà preso il governo a riferire su questo punto, perché all'incontro del 24 sarà presente il governo. e la presentazione di moccio, nei commenti che si debba lottare, mi pare logia in discussione. le riprendere, voi l'avete già presentato, ce ne saranno anche altre e si metteranno. quindi non mi pare che ci sia un blocco di questa cosa. C'erano Allora noi indicata. per quanto riguarda il gelato, il pastore: Sì, ok, capito. lei dice: per qualche l'ha riconosciuto, c'è la commissione antimafia quando andiamo là, lavoro della commissione. così Quando vedremo il? la proposta Storace. mi pare che questa richiesta sia una richiesta razionale. si può anche considerare allora,",3720.077,55.19799999999941
SPEAKER_04,"eh, cominciamo dal.",3776.118,2.076
SPEAKER_10,"e cominciamo da dove sono d'accordo. io in una parola riepilogo la posizione che espressa Per quanto riguarda la proposta Pasquale Mazzoli, castelli, che tu fai schifo: rinviare a settembre la discussione del disegno di legge Mastella. è così O sbaglio?",3776.186,28.686999999999898
SPEAKER_10,"tagliato la testa la valutazione su questo punto, su questa richiesta di modifica del dell'ordine del giorno. Come si monta per lei, è d'accordo? ho pregato di alzare.",3810.999,15.305000000000291
SPEAKER_12,"Come si smonta per Alzate, d'accordo. pregato di alzare la mano. contrario colleghi.",3823.993,12.942999999999756
SPEAKER_10,"colleghi, almeno per me la verifica necessaria: votiamo No. proprio con il sistema elettronico io non sarei capace di dire dov'è il",3836.936,10.226
SPEAKER_14,poi il sistema elettronico: io non sarei capace di dire dov'è il Prevalle.,3844.007,8.859
SPEAKER_12,prego per favore il segretario. i dottori Sono pregati di controllare che la votazione Si svolga regolarmente.,3850.959,17.516999999999825
SPEAKER_14,il segretario. i settori sono pregati di controllare che la votazione Si svolga regolarmente.,3860.561,7.391
SPEAKER_14,banda.,3875.411,1.80600000000004
SPEAKER_10,"se non sono presenti, sfilate le schede.",3880.71,4.201999999999771
SPEAKER_03,dov'è.,3884.996,1.283
SPEAKER_12,"prego, Vabbè ascolto anno.",3887.46,5.585000000000036
SPEAKER_12,"prego, in questo momento momento facciamo le cose.",3897.045,25.009000000000015
SPEAKER_14,facciamo le cose.,3919.944,1.991
SPEAKER_08,facciamo le cose per l'anno.,3921.935,4.0330000000003565
SPEAKER_14,l'hanno fatto per favore.,3925.968,3.24
SPEAKER_12,"Terme, per favore, hanno beccato tutti.",3927.302,10.867999999999938
SPEAKER_14,Vittorio ufficiale Decathlon.,3939.992,2.481
SPEAKER_12,Vittoria ufficiale.,3940.008,1.941
SPEAKER_01,risultato.,3948.007,4.304000000000087
SPEAKER_12,"con una prova, passiamo alla seconda.",3954.825,4.573
SPEAKER_18,no.,3962.317,0.945
SPEAKER_12,colleghi.,3972.594,1.299
SPEAKER_10,"colleghi, vi assicuro che, visto da qui, non è che sia una cosa esaltante, che io non è peggio, non sono abituato. intendiamoci, non Approvano una prova. Vediamo se possiamo regolarci. email.",3973.893,19.846000000000004
SPEAKER_10,"seconda richiesta di modifica, punti di un ulteriore informazione, una più puntuale specificazione. ma questa non è una, questa non è una modifica. voglio dire al presidente Mattioli, se mi ascolta, che per quanto riguarda l'evento nel inchieste, che noi Io non credo che riusciremo a chiudere tutte nei prossimi giorni, Io gliela do precisa e su questa siamo d'accordo: Procederemo assieme per costituire, prego gli uffici, quindi preparare questa cosa. quindi non vorrei votare perché sono d'accordo. Non",3995.021,43.284999999999854
SPEAKER_10,mi pare che il senatore Quagliariello il chiarimento ci ha richiesto. lo sa?,4041.444,6.666000000000167
SPEAKER_12,te l'ho avuto? mi sembra di sì qui.,4048.11,3.7800000000002
SPEAKER_01,prego se natural.,4053.459,2.498
SPEAKER_12,"prego, senatore Allora precisi per favore.",4054.353,3.797
SPEAKER_10,"bene, la richiesta di dotazione, la modifica che lei chiede, per favore.",4058.15,4.793
SPEAKER_21,le chiede per la faccia.,4062.943,0.051
SPEAKER_02,"le chiede per lo faccia. Chi è perché le emozioni Buttiglione, Mantovana, Quagliariello siano già iscritte all'interno del dibattito? se ti mangerai,",4062.993,9.501
SPEAKER_21,"Che tempo c'era il 19, è che siano votate perché in relazione a quel dibattito, perché hanno lo stesso argomento del dibattito e quindi siano poste in relazione al dibattito che si svolgerà.",4072.494,14.444999999999709
SPEAKER_02,che si svolgerà a partire dalle dichiarazioni che rilascerà il governo.,4086.939,4.995000000000346
SPEAKER_10,"adesso la discussione è legata alle dichiarazioni del governo che viene a parlare della scadenza del 24 delle posizioni che assunto già. è quello che vuole fare, Quindi io, la possibilità di emozioni presentati in aula.",4097.756,19.69300000000021
SPEAKER_12,a conclusione del dibattito: non è che bloccata da nessuno. Tu dici:,4117.449,4.050000000000182
SPEAKER_10,"emozioni che verranno presentati, Napoli, discuteremo e, se necessario, si metterà quindi non gli dare che ci possa essere incontrarti.",4121.499,8.994
SPEAKER_12,contratto in cui lei non capisco bene.,4130.493,1.957
SPEAKER_10,"capisco bene che decidiamo con questo voto, che le nostre emozioni già anticipate dopo. credo.",4132.451,7.054
SPEAKER_12,mi credo la discussione in commissione fino ad oggi con il moto: dichiara la connessione ammissibile.,4139.505,6.868
SPEAKER_02,"presidente, qual è il problema? è quello emozioni possono essere calendarizzate il 19 la discussione di quell'emozione on-line care alla fine delle dichiarazioni del governo. la questione: quelle emozioni sono in aereo?",4148.448,16.352
SPEAKER_21,sono inerenti alla materia sulla quale il governo viene a discutere. io le chiedo semplicemente la calendarizzazione.,4164.8,8.336
SPEAKER_02,discutere. Allora io le chiedo semplicemente la calendarizzazione di quelle,4170.302,3.577
SPEAKER_10,"Ma su queste emozioni non mi presentate dopo le comunicazioni del governo, chi presentarlo? io non riesco a capirla, questa cosa.",4176.444,7.559999999999491
SPEAKER_21,"Vabbè, comunque, non volevo giocare su Facebook.",4184.004,6.649
SPEAKER_02,"così, va bene il tuo chiarimento. vi presenteremo le emozioni alla fine della disco.",4190.653,3.341
SPEAKER_10,"l'emozione alla fine della discussione. Grazie,",4193.994,1.536
SPEAKER_02,andiamo.,4196.458,1.974
SPEAKER_08,"Vabbè, ma che sempre presente.",4199.158,2.093
SPEAKER_12,"al presidente Castelli, Io voglio dire:",4208.27,3.476
SPEAKER_10,"Mi impegnerò in questi due giorni per darmi una risposta precisa. se la prima settimana è agibile e poi- e mi impegno una volta che ho ordinato con la camera e con il governo l'utilizzo di quella settimana, avendo ascoltato anche questo dibattito, Io chiamerei capigruppo su quel punto, è sulla predisposizione del calendario di quella settimana, per vedervi concordare con i capigruppo il calendario dell'ultima settimana di agosto. farò di tutto per fare questo. quindi questo è l'impegno che posso prendere, il resto a votare su questa esigenza, che lei a posto mi sembra.",4213.704,40.78700000000026
SPEAKER_12,comunque questa esigenza che la posto mi.,4252.483,1.873
SPEAKER_10,"forse un po' difficile, perché io aspetto, Se dovessimo fare No, no, non saprei come votare. non è che questa esigenza glielo avresti. però nel giro di qualche giorno abbiamo questo il pavimento e ci incontreremo con i capigruppo per tenere l'utilizzazione in questo.",4255.217,16.41899999999987
SPEAKER_21,tradimento e 50.,4267.991,0.067
SPEAKER_10,"La ringrazio, c'è questa possibilità e poi decidiamo Allora ristorante fare una proposta precisa condivisa dal senatore pastore. cioè c'è aperto una discussione perché c'è un. ci sono problemi, quelli che lei ha riferito sulla cosa fare costituzionale, sulla ricomposizione della commissione di inchiesta, sulla Antimafia.",4274.927,34.982
SPEAKER_14,Italpol decidiamo.,4279.77,2.17699999999968
SPEAKER_10,"felice. sospendiamo la dal punto pisciato al nel calendario e raccordi Diamoci delle decisioni che prenderà la commissione. così bene, io questa sua raccomandazione l'accetto e quindi non non mi pare che dobbiamo votare. Ti ringrazio, passiamo circolazione o bacino Allora. Scusate, sono molto.",4310.735,57.96600000000035
SPEAKER_14,molto stringati.,4368.701,0.844
SPEAKER_10,Scusami età.,4379.315,1.586
SPEAKER_10,"Io vorrei, prima di passare la precedenza al vicepresidente Angius, proprio stigmatizzare, a nome, credo, di tutto il Senato, un abbastanza vasta collezione di smalti che questa notte al ghetto di Roma, e vorrei esprimere la mia solidarietà, la nostra solidarietà alla comunità ebraica.",4386.808,22.628999999999905
SPEAKER_12,la nostra solidarietà alla comunità ebraica romana.,4407.362,3.763
SPEAKER_14,ebraica.,4409.437,0.489
SPEAKER_12,scusami.,4412.66,1.029
SPEAKER_10,"va bene, passiamo Allora l'altro punto all'ordine del giorno, che reca costituzione in giudizio del Senato della Repubblica dinanzi alla Corte Costituzionale per resistere in un Conflitto di attribuzione sollevato dal giudice per l'udienza preliminare del tribunale di Potenza Con ricorso del 28 ottobre del 2005, pregheremo vento di attenzione.",4447.305,26.493000000000393
SPEAKER_07,perché io momento di attenzione da parte del Laura? perché una questione Abbastanza delicata.,4473.798,5.19800000000032
SPEAKER_10,"concorso del 28 ottobre 2005, il giudice per l'udienza preliminare del tribunale di Potenza ha sollevato Conflitto di attribuzione Tra i poteri dello Stato nei confronti del Senato della Repubblica in relazione alla deliberazione con la quale l'assemblea, nella seduta del 28 maggio del 2003, Ha dichiarato che i fatti oggetto del procedimento penale numero 3100 7/01 rgnr, numero 124, 4/02 GP, pendente nei confronti del Dottor Watson Loreto, senatori all'epoca dei fatti, riguardano opinioni Express.",4478.996,46.456999999999425
SPEAKER_07,opinioni espresse da un membro del parlamento nell'esercizio delle sue funzioni ai sensi dell'articolo 60.,4525.453,6.041
SPEAKER_10,"articolo 68, primo comma, della Costituzione in conflitto è stato dichiarato ammissibile dalla corte costituzionale con ordinanza del 23 marzo del 2006 n. 131, depositata in cancelleria il successivo 28 marzo. nella seduta del 28 giugno 2006, la giunta delle elezioni e delle immunità parlamentari ha concluso all'unanimità, Nel senso che il Senato debba costituirsi in giudizio dinanzi alla Corte Costituzionale per:",4531.494,35.45400000000063
SPEAKER_07,costituzionale per resistere nel conflitto.,4566.948,2.548999999999978
SPEAKER_10,sulle conclusioni della giunta. può prendere ora la parola in oratore per gruppo e per non più di 10 minuti.,4569.497,7.813
SPEAKER_13,di 10 minuti. chiedo quindi se ci sono degli scritti a parla.,4577.276,3.308
SPEAKER_19,mi pare che non ci sia nessuno che si scrive a parte.,4587.114,3.021
SPEAKER_14,che sia nessuno che si scrive a parlare.,4589.493,1.603
SPEAKER_20,che sia nessuno che si scrive a part.,4589.747,0.439
SPEAKER_10,"c'è il collega. ha chiesto di intervenire il senatore Mantione prega. senatore, ne ha facoltà.",4592.143,6.632
SPEAKER_16,"Grazie, Presidente. presidente, il mio intervento.",4600.378,5.063000000000102
SPEAKER_09,il mio intervento è motivato da una sola preoccupazione.,4605.44,3.8649999999997817
SPEAKER_10,"la preoccupazione. siamo così scusi, senatore mansioni. stiamo discutendo in punto che forse ha molti colleghi, può non interessare mai abbastanza.",4609.305,9.703
SPEAKER_09,la preoccupazione.,4609.912,0.051
SPEAKER_07,abbastanza rilevante perché si tratta di un compito di competenze tra il Senato.,4619.008,3.493
SPEAKER_09,"prego, Sono appena partito presidente.",4625.808,3.831
SPEAKER_10,"prego, Sono appena partito, presidente. come le dicevo, punto che io vorrei rimarcare per fare in modo che resti agli atti del Senato, Siamo di fronte ad un Conflitto di attribuzione che è stato sollevato dall'autorità giudiziaria, che ha ritenuto che è una deliberazione adottata Dal Senato nella scorsa legislatura, deliberazione Che prevedeva la applicabilità dell'articolo 68 nei confronti del senatore Crocco Loreto, determinate per l'appunto una violazione, un conflitto tra le attribuzioni dei poteri dello Stato che fosse meritevole di essere risolto dalla Corte Costituzionale. la questione che io voglio sottolineare non è quella della corretta costituzione, in giudizio del Senato per difendere quella deliberazione, ma il fatto che, per la prima volta,",4626.5,58.792999999999665
SPEAKER_09,"prima volta, presidente, si interviene Ex Post.",4685.293,3.156
SPEAKER_10,incidente si interviene ex post. di solito sappiamo che i tempi per la costituzione sono tassativi: sono 20 giorni in soggiorno.,4686.221,8.623000000000502
SPEAKER_06,i giorni Donatori.,4694.726,1.519
SPEAKER_10,"scusi, sono fuori mansione. Io prenderei tutti i colleghi di sgomberare il uniciclo, in particolare quello che si stanno a sembrando in questo momento, esattamente a 2 mesi, non sono ancora mansione.",4695.688,11.34
SPEAKER_10,"Grazie, per no aspetti, se ne frega coi colleghi Laura.",4708.597,7.206
SPEAKER_13,No aspetti una cremazione.,4710.993,0.506
SPEAKER_07,Tiziana cremazione. prego i colleghi sgombri.,4711.5,1.941
SPEAKER_16,scusa.,4716.056,0.506
SPEAKER_10,"vedere chiamarmi per nome e cognome i colleghi che sono lì che stanno chiacchierando, disturbando lavori dell'aula.",4717.676,6.429
SPEAKER_14,"stanno chiacchierando, disturbo.",4722.637,0.371
SPEAKER_08,sto disturbando la.,4723.008,0.439
SPEAKER_10,"prego, senatore. presidente, Come dicevo è la prima volta che il parere della giunta interviene ex-post. c'è stata già la costituzione in giudizio da parte del Senato, che aveva l'obbligo di rispettare i 20 giorni- e ti tratta di un termine perentorio che determina una decadenza- però è la prima volta che il parere della giunta interviene Export. è vero che ci siamo trovati nel periodo del passaggio della quattordicesima Alla quindicesima legislatura, Però è pur vero, presidente, che ci sono alcuni organi, organismi istituzionali, quali per l'appunto la giunta per le elezioni, che operano anche in regime di prorogatio e che quindi, teoricamente, possono sempre essere interessati della questione e possono quindi afro.",4730.113,57.5600000000004
SPEAKER_09,possono quindi affrontare la questione e risolverla.,4787.673,2.767
SPEAKER_10,"risolverla. ed allora mi rendo conto che in questo caso siamo, c'è stata questa coincidenza: Se non sbaglio, il 20 maggio cominciavano A decorrere i 20 giorni e sappiamo che quindi ci siamo trovati proprio intercambio. ci tengo a lasciare agli atti che si tratta di una di un precedente che assolutamente non può essere ripetuto, Perché ci sarebbe stato lo strumento per evitare che si verificasse, come dire, questa particolarità che il secondo me non dovrebbe più ripetersi. quindi, sicuramente legittima la costituzione in giudizio del Senato per sostenere e difendere quelle ragioni che nascono da una deliberazione assunta dalla Laura, ma che questa, che questo intervento ex a posto dalla della giunta non costituisca un precedente. Grazie, Presidente della sveglia, il senatore mansione. ci sono altri iscritti a parlare? ci questo punto non lavori? No, mi sembra di no. allora procediamo. metto i voti. le conclusioni della giunta delle elezioni e delle unità parlamentari, come ricordavo prima, Assunta unanimamente relativa la costituzione in giudizio del Senato della Repubblica dinanzi alla Corte Costituzionale per resistere nel Conflitto di attribuzione sollevato dal giudice.",4790.441,81.99499999999989
SPEAKER_07,collegato dal giudice dell'udienza preliminare del tribunale di Potenza. Chi è favore?,4872.437,4.506
SPEAKER_10,Chi è favorevole è pregato di alza.,4876.942,1.552
SPEAKER_20,"è pregato di alzare la mano. Grazie, Chieco.",4878.495,2.9530000000004293
SPEAKER_07,"grazie. Chi è contrario, chi si astiene e ha provato, passiamoit.",4881.448,7.054000000000087
SPEAKER_10,Chiama Punto successivo all'ordine dei nostri lavori. l'ordine del giorno reca le deliberazioni sulle richieste di adozione della procedura abbreviata previsto dall'articolo 81 del regolamento per il disegno di le.,4888.502,16.503999999999905
SPEAKER_07,disegno di legge 546 concernente l'istituzione.,4905.005,3.898
SPEAKER_10,"concernente l'istituzione di una commissione di indagine sulla condizione degli anziani in Italia per identici disegni di legge. numero 579- 684, riguardanti norme sulla istituzione del luogo elettivo di nascita.",4908.903,17.246
SPEAKER_07,ricordo che si tagli richieste.,4926.15,2.852
SPEAKER_10,richieste. l'assemblea delibera senza discussione. per alzata di mano sono ammesse soltanto le dichiarazioni di voto. chiedo Pertanto se sulla dichiarazione di voto c'è qualche collega che intende prendere la par.,4929.002,13.618
SPEAKER_19,chi.,4949.083,1.704
SPEAKER_10,"chi chiedo scusa, senatori Fabregas.",4950.787,2.717
SPEAKER_07,"c'è una perdita. prego, senatore, nella facoltà, Grazie per il cliente. molto brevemente, mediche nazionali. voto è senz'altro favorevole per tutti i tre provvedimenti. in maniera particolare quello che mi vede come primo firmatario. vorrei ricordare all'assemblea che questo provvedimento, tu già dotato da in sede deliberante, dalla Commissione giustizia è andata la camera, è stata anche approvato dalla Commissione giustizia della Camera dei Deputati, andata alla calendarizzazione Del Lago Da dell'aula camere non è stato, non si è potuto procedere alla votazione solamente perché la quattordicesima Non si snatura anche determinare. Quindi io vorrei compulsare ulteriormente Laura in ciascuno dei componenti, anche perché volevi erano ben oltre 100 firme che sostenevano questo provvedimento, Indipendentemente dalle connotazioni politiche. per cui vorrei invitare appena presidenza e il governo e Laura a sostenere questa abbreviata così come richiesta. Grazie, presidente, grazie.",4953.504,62.91
SPEAKER_04,ci sono altri colleghi E colleghe che intendono Inter.,5017.14,3.004
SPEAKER_06,intendono intervenire per dichiarazioni di voto.,5020.143,3.4420000000000073
SPEAKER_10,dico,5023.586,1.249
SPEAKER_06,dico,5024.177,0.034
SPEAKER_10,"Va bene, se non c'è nessuno, Allora possiamo passare alla votazione della richiesta di adozione della procedura abbreviata per il disegno di legge.",5026.303,9.197
SPEAKER_06,"546, poi avremo un'altra vocazione. Chi è favorevole Peccato di alzare la mano. grazie, Chi è contrario, chi sia.",5035.5,10.800000000000182
SPEAKER_07,chi si ottiene e a Pro.,5045.945,2.0590000000001965
SPEAKER_10,e approvata. passiamo adesso alla quotazione della richiesta di adozione della procedura abbreviata per gli identici disegni di legge: 579 684.,5048.004,11.154
SPEAKER_06,44. Chi è favorevole? fregato il sedano.,5059.158,6.1599999999998545
SPEAKER_07,"Chi è contrario, chi si astiene. è approvata Graz.",5065.318,5.9229999999997744
SPEAKER_10,siamo in conclusione della seduta. chiesto di intervenire prima fine della.,5072.27,5.333
SPEAKER_07,"prima fine della seduta. il senatore Colombo, prego, se ne toglie un pacco.",5077.603,3.594
SPEAKER_20,senatore Colombo è distratto.,5084.15,1.823
SPEAKER_06,prego Senato.,5092.132,1.147
SPEAKER_13,"la ragione per cui ho chiesto di intervenire, presidente, è l'imbarazzo, il disagio che provo nel sedere in questa sala in cui vice presidente Calderoli ha fatto i commenti che ha fatto sulla squadra francese. quando ha testo, quando si è permesso di dire che sono stati sconfitti, Dopotutto dei negri e dei comunisti. Ecco, si tratta di un'infiammazione così imbarazzante, produttrice di un tale disagio, che mi domando come possano i colleghi della sua parte accettarla e non avere protestato e non esserci differenziati da una simile dichiarazione. io non posso immaginare che tutti voi dell'opposizione vi sentiate rappresentati da un vicepresidente che dice che sono stati sconfitti dei negri e dei comunisti. non posso immaginare che sia il vostro pensiero. quindi ne sono meravigliato. Spero che vorrete meravigliarvi, umiliato perché dice: presidente di questa camera. spero che vogliate sentire questo disagio profondo con me e vorrei dire che il Senato, se me lo consenti, te sei colleghi me lo consento- chiede scusa l'ambasciatore francese e ai francesi, nostri vicini d'Europa e parte della stessa Europa, per quella incredibile, volgare, offesa che, Certo con tipico linguaggio leghista, ma tuttavia da un rappresentante di quest'aula e dal vicepresidente di questa alla è stato fatto e di cui, ripeto, ci dovremmo insieme vergognare e insieme protestare e insieme chiedere scusa a chi rappresenta la Francia in questo paese. Grazie,",5099.304,110.582
SPEAKER_12,Grazie.,5215.353,1.654
SPEAKER_06,Chiama Tony Colombo. Chiama altri colleghi a prendere la.,5217.007,3.932
SPEAKER_10,"altri colleghi per non prendere la parola. il senatore Menardi, prego, senatore, mi ha fatto il ta.",5220.939,4.809999999999491
SPEAKER_15,"prego, senatore, mia facoltà. presidente, solo per sollecitare la risposta da una mia interrogazione relativa alle nome della Cassa di Risparmio di Cuneo, per le quali ho fatto un'interrogazione. ministro dell'economia.",5225.748,11.391
SPEAKER_07,"Grazie, senatore. Gli ho chiesto di intervenire. il senatore Stracquadanio ne ha facoltà, prego.",5238.219,5.754
SPEAKER_10,alternatore.,5242.488,0.135
SPEAKER_07,Sì presidente.,5246.724,2.076
SPEAKER_08,"solo per pregare lei e anche il collega Colombo di non volere innescare polemiche strane che restaura in quest'aula lei e considerazioni del collega Calderoli in merito alla finale, la prima di calcio a, tengono al suo rapporto con la stampa e al suo rapporto con i cittadini. Io non credo che si possa moralizzare qui dentro. rispetto e soprattutto che questo momento non posso venire da un collega che è stato lungo direttore di un giornale, che ha riversato attraverso quel giornale tonnellate di insulti molto più pesanti di quelli che lui ritiene abbia rivolto alla squadra francese, il presidente Calderoli. Allora allora, Caro collega Colombo, Caro collega Colombo, Riguardati la collezione 2020 titoli, Riguardati la collezione dei tuoi titoli, prima di volare già le sue parole degli altri, perché tu hai accusato, in realtà non è una scommessi, hai accusato, hai rivolto accuse false al Presidente del Consiglio in carica. la sua legislatura dai da un giorno con l'altro e allora non si è consentito, caro Colombo, innescare in quest'aula delle. No, io mi dissocio, io mi dissocio dalla tua richiesta, ti rivolgere alcun che venga dalla tua bocca, perché sei in meno titolato di tutti a fare questi un chiavi di 96, meno tutta la vita di tutti e non voglio ricordare tutta la tua storia. e quindi, presidente, La prego di voler, e anche per il futuro, evitare che il Senato venga utilizzato per portare qui dentro questioni che non attengono. è che il moralismo dei colleghi che ha già molte occasioni per scatenarsi. tua stampa, io fuori, a me ora questa Viagra.",5249.61,116.4369999999999
SPEAKER_10,"va bene, siccome ci sono iscritti alcuni altri colleghi in questa situazione, è stato sollevato.",5369.27,6.733
SPEAKER_06,sollevato un problema dal Senatore.,5376.003,2.497
SPEAKER_10,"attore Colombo, io con sento che parlino un rappresentante per gruppo sulla questione che è stata sollevata una",5378.501,7.155
SPEAKER_06,Colombo.,5379.277,0.489
SPEAKER_07,è stato sollevata. Naturalmente io ho cenato. il telefono era.,5385.167,2.329
SPEAKER_10,"Capannelle, raccolgo molto i suoi consigli, ma le assicuro che sono in grado di giudicare autonomamente per conto mio- te L'hai costruita o meno- di alcuni interventi in aula. alla parola adesso il Senatore Divina. prego, senatore nel.",5387.495,13.365
SPEAKER_06,prego sanatoria.,5400.86,0.034
SPEAKER_09,"Grazie, Presidente, non so se è stata gratuita, Voluta o ricercata, ricercato l'intervento del collega. a Colombo va detto una cosa: che sei, collega Colombo, si trova in questa aula, presidente, è frutto delle grandi innovazioni, delle del grande portato che hanno portato le democrazie in questi tempi. probabilmente, a letto tante cose, scritto tante cose. il collega Colombo, a letto poco Voltaire, forse non sa che le nostre democrazie si basano soprattutto sul confronto delle opinioni, sul confronto delle idee. io non pretendo che il collega, che il collega Colombo e la sinistra, applichi noi concetto del torriano. non condivido una sola parola di quello che tu dici, ma sarei disposto a dare la vita per consentire pirla. e su questo e su questo principio si sono basate le grandi democrazie occidentali. ma ricordato il collega Colombo, che si impegna perché un collega esprime pareri o valutazioni dei quali Egli solo risponderà, l'opinione pubblica non si impegna altrettanto Perché il suo partito, la sua formazione politica ha portato una persona macchiata di omicidio.",5403.037,86.90599999999995
SPEAKER_12,"macchiato di omicidio alla presidenza dell'aula della Camera dei Deputati, e questo non l'ho fatto minimamente. iniziare, ma quattro parole forse.",5489.943,10.058
SPEAKER_09,"porco detto, anche il sopra le righe lo fanno scalpitare sui banchi. gli va ricordato che la forza di questa ora è confronto delle idee, ma il rispetto e combattere le idee, non le persone. collega.",5500.001,13.011
SPEAKER_10,"Grazie, Senatore Divina ha chiesto adesso di intervenire. sono ancora nella mia facoltà. prego.",5514.294,5.872
SPEAKER_06,"Salvatore Nania, mia facoltà prego.",5519.947,0.253
SPEAKER_05,"Ma io ti do il presidente, credo che il linguaggio della politica tante volte c'è abituata ad esagerare. io personalmente, per esempio, non ho condiviso le espressioni così come riportate da alcuni giornali da parte del Senatore Calderoli. mi sono fatta una chiacchierata e il Senatore Calderoli non mi ha detto che si è espresso proprio nel modo. ma noi abbiamo, abbiamo tanti fatti dai quali ci potremmo lamentare. Io, per esempio, Ricordo, tanto per citare il giornale di riferimento del senatore Colombo, quando, Con riferimento al torace, il tuo giornale riportò che il padre era un torturatore, per esempio. no, Ma ricordo anche. ricordo anche",5521.601,52.801000000000386
SPEAKER_08,"anche,",5575.955,1.62
SPEAKER_05,"ricordo anche modo particolare, come Ormai tutti quanti sappiamo, Perché la porta della forza politica, La Lega Nord, si è abituata ad un linguaggio particolare, molto, come dire, specifica quel partito politico molto colavito, collega Colombo. Io ricordo, per esempio, quando la lega era attestata supposizioni di Secessione, E ricorda sempre con particolare attenzione quando nel corso di una riunione del Consiglio dei Ministri l'allora Ministro della Giustizia Mancuso accuso la lega- all'epoca è il Presidente del Consiglio, era Dini- accuso la lega di essere una forza secessionista. quel verbale del consiglio dei ministri fu secretato E allora, dopo qualche mese, D'Alema si presentò al congresso della Lega e, mettendo la mano sulla spalla di Bossi, la lega rappresentava una costola della si.",5577.575,61.40899999999965
SPEAKER_14,specifica quel partito politico.,5592.729,0.776
SPEAKER_05,"quella della sinistra, quindi voglio di.",5639.709,1.232
SPEAKER_00,storia della sinistra.,5639.878,0.084
SPEAKER_05,"voglio dire, da questo punto di vista, si potrebbe discutere a lungo di tante cose che hanno riguardato la sinistra, con riferimento alla Lega Nord, e che hanno interessato la politica. mi ricordava poco, poco fa, il collega torace che proprio Cacciari ha dato del cretino, Mi pare Zapatero- e nessuno si è alzato, né tantomeno ho sentito lei, collega Colombo, invocare solidarietà nei confronti della Spagna e della ambasciata spagnola. questo perché lo dico? lo dico perché, attenzione, facciamo attenzione tutti quanti a non tradurre le battute, in questo caso della Lega o di qualche altro, in un tema, in un tema che debba interessare l'aula, la politica e anche, per certi aspetti, come dire, i problemi che attengono a tutto ciò che nasconde la frase di calderone, Perché, per carità, Calderoli ha detto una frase che non condivide nessuno. attenzione, collega Colombo, credo che ci dobbiamo pure interrogare lei, che attento e che molto spesso si impegna in riflessioni approfondite. ci dobbiamo pure interrogare, Alla fine, su Qual è la differenza fra una squadra di Club, dove funzionano i soldi, e una nazionale di calcio, non crede lei? Eh beh, se le nazionali di calcio devono diventare squadre di club, Allora, ovviamente, ovviamente. ma se le squadre di calcio rappresentano l'identità Nazionale, Allora ovviamente le riflessioni sono altre. per cui io pregherei, su questi temi, se se li si vuole approfondire, di approfondirli come si deve. diversamente, di lasciare stare e di non impegnare il Senato in atti del genere, perché le assicuro che ci troveremo ogni giorno ad avere qui in aula intervenire, per riprendere Tizio Caio, e come vuoi capire, Non so se poi ci saranno i numeri che vi consentiranno di continuare a governare, se ci impegneremo su questi.",5641.548,128.97599999999966
SPEAKER_10,"Grazie, Sei una sorella.",5771.435,2.008
SPEAKER_07,"Grazie, Sei ancora la mia anche per il contributo.",5772.937,2.329
SPEAKER_06,"contributo che ha dato di distensione la discussione su una questione un po' delicata che stiamo esaminando. io non ho stabilito un tempo perché lei però i colleghi di attenersi, le colleghe di attenersi più o meno al tempo che entro i 5 minuti in una discussione in cui incidentale prego, ha chiesto di fargli.",5775.266,18.174000000000888
SPEAKER_10,discussioni un po' incidentale. prego. ha chiesto di farti parlare la senatrice Boccea.,5791.702,3.475999999999658
SPEAKER_00,"boccia. ne ha facoltà. Sì, grazie, presidente. io ritengo che la questione sollevata, invece, sia pertinente, ci riguardi proprio come Aulla e come istituzione, perché è stata posta anche in questi termini, mi pare, dal rappresentante della Francia, dall' Ambasciatore della Francia nel nostro paese, che si è rivolto- Non ha un'istituzione qualsiasi, ma a queste situazione al Senato, per chiedere un chiarimento ed esprimere sentimenti della sua preoccupazione e protesta, perché il Senatore Calderoli È il vicepresidente di questa aula, quindi ha delle funzioni, non è solo uno di noi, ha delle funzioni di direzione, di governo del nostro, della nostra collegialità, quindi ci riguarda. ringrazio il senatore Colombo per averla voluta porre alla vostra attenzione, perché ritengo che fosse doveroso una risposta in quest'aula alla rappresentante della Francia e penso che sia, Francamente mi lascia sorpresa. trovo singolare, riprovevole che invece di pronunciarsi nel merito di questo singolo episodio- non possiamo sempre fare riferimento a quello del Nord, ha un fascio- si sia voluto qui fare un altro d'accusa Rispetto al senatore Colombo, cosa che con chi deve il tutto In propria. Avrei preferito che i colleghi dell'opposizione prende Se ci fossero loro valutazioni e loro giudizio nel merito di quelle dichiarazioni. Ho sentito solo ora dal senatore nani, a una presa di distanza- Io ovviamente considero che l'espressione negro sono i rappresentanti dei movimenti dei Neri lo considerano un insulto, una definizione di discriminazione. non considera Ovviamente un insulto la definizione comune, visto che faccio parte di un gruppo che si chiama Rifondazione Comunista e sinistra da te. ma considero comunque in proprio non le intenzioni del Senatore Calderoli ad un voluto esprimere una valutazione su una competizione sportiva in termini di rischio, eliminazione, razzismo e dice, giudiziali, dialogiche che tendevano a dividere di nuovo, a dare, come dire, un'esasperazione: divisione Anche rispetto alla competizione, alla comprensibile Orgoglio e soddisfazione che la vittoria dell'Italia aveva suscitato nel paese, di una divisione su alcune discriminanti. avrei voluto su questo una parola perlomeno di presa di distanza e di giudizio, appunto, negativo, da parte di questa aula, che ci permetteva di rivolgersi alla frase dicendo che noi non condividiamo lo spirito, il senso di quella di Chiara.",5795.533,171.65299999999934
SPEAKER_07,"Grazie, senatrice. bocciato per venire il presidente Andreotti. mia facoltà prego.",5968.316,7.425000000000182
SPEAKER_16,"Ti chiedo scusa, ma come anziano e volevi che è un po' curioso.",5977.108,4.961
SPEAKER_07,"Ti chiedo scusa, ma come?",5978.947,0.186
SPEAKER_16,"curioso che, dopo una manifestazione che ha visto una grande Concordia, un grande entusiasmo, Noi stiamo più dibattendosi. collega, il collega Comunque, il nuovo qui in Senato. noi conosciamo il collega Calderoli, sappiamo che ogni tanto va in libera uscita, ma non abbiamo mai fatto un tram.",5982.761,18.343
SPEAKER_05,"fatto Huntelaar, Ma grazie.",6001.948,1.215
SPEAKER_10,"Grazie, sempre residente Andreotti. ha chiesto di intervenire il Senatore.",6003.23,7.223
SPEAKER_07,presidente Andria.,6005.441,0.506
SPEAKER_06,senatore Biondi Pregasi a Natale mi ha fatto.,6010.453,1.485
SPEAKER_20,"Io credo che ci vorrebbe un avvocato molto più bravo di me per ritenere che le frasi dette da Calderoli siano frasi che possono essere meno momenti difendibili in se stessi. sono frasi sbagliate sia sul piano sportivo e su quello politico. Ma è stato detto poco fa dal Presidente Andreotti quello che anche nel diritto penale, la caratteriali da spesso gioca degli scherzi che sono non direttamente proporzionali magari alla come politica. ora che a pensare di contenere taluni sentimenti e taluni momenti in cui i sentimenti, invece quelli sportivi, fuoriescono dai soggetti che magari hanno altro modo ricalibrare il proprio comportamento. Calderoli credo che sia pentito lui stesso ad averli detto, quelle frasi, perché la squadra francese, la squadra ha giocato bene, certi suoi esponenti hanno giocato il giocano nel calcio italiano, perché dire che la frase è sbagliata non significa soltanto riconoscere un fatto che è inconfutabile, ma dire anche che noi abbiamo la sensibilità di ritenere che un nostro collega, sia pure autorevole nella sua veste, ogni tanto sbaglia. e il latino si dice: quando qua e dormi, intanto merus, e se no non ero, può dormire anche Calderoli. perciò io ritengo che si può salire, che la frase è sbagliata, che ci dispiace che sia stata detta, ma noi ci conosciamo da più di qualche anno e credo che si possa dire che in questa materia Chi è senza peccato scagli la prima pietra. e nei miei confronti, quando era Ministro della Giustizia, tante pietre che sono state scagliate E io ho sempre accettato nel dibattito politico che qualche frase, qualche offesa, qualche dichiarazione andasse fuori dalle righe, senza per questo più di quanto sia necessario in determinati momenti. perciò io non ho difficoltà, onorevole collega, dire che è una frase che non mi è piaciuta, che non la condivido e che credo l'intero sei nato. non la condivido Forse per chi no, perfino Calderoli, se potesse ritornare indietro e bianchi ettare, Come si dice, certi casi, la frase che ha detto: però non facciamone un dramma, non coinvolgiamo il Parlamento, la sua istituzione, la sua presidenza, infatti, che riguardano, gli permetta, più il bar dello sport che il Senato della Repubblica.",6014.722,155.65499999999975
SPEAKER_10,"Grazie, senatore Biondi. ha chiesto di intervenire il senatore Zavoli.",6171.609,5.332
SPEAKER_06,"il senatore il Napoli, prego.",6176.942,0.523
SPEAKER_20,non ho capito sicuramente.,6180.468,6.295000000000073
SPEAKER_17,"speciale che ci troviamo di fronte, presidente, ha un caso di gravi incongruenza: nel momento in cui si chiede l'amnistia per chi ha sfigurato immagine del calcio italiano, il nome di questa grande impresa di fronte alla quale siamo tutti gonfi di orgoglio, eccetera, e che mi pare che accanirsi contro un Senatore giornalista che, vorrei ricordare, non è un giornalista solo da quando dirige unità, essendo un giornale di partito, si presta, Io credo, non ci ha una polemica cui può saltare la catena perché volte, ma che è stato un giornalista di primo ordine, ci ha dato lezioni di grande compostezza, trasparenza e fermezza nella storia proprio del giornalismo televisivo. ecco, tutto questo mi pare che non corrisponda a un dibattito serio e quel tono di buono, mi sa che inaugurato autorevolmente il senatore, mi pare che debba essere raccolto non in senso, nel senso così bonario, ma proprio il nome di qualcosa che deve valere tra noi, cioè io rispetto per la persona intera, e questo riguarda Colombo e, voglio esagerare, riguarda anche Calderoli, il quale evidentemente uscito dalle righe e si meritava, a mio avviso, una replica molto forte. vorrei anche ricordare che il più grande e tonico francese, brogress, A proposito degli extracomunitari che che giocano al calcio nella nazionale francese, ha detto una certa preveggenza: verrà il giorno, vedrete, in cui gli extracomunitari verranno in Europa e l'Europa Sarà costretta a riceverli e sarà una grande fortuna per l'Europa. e queste persone che non riescono il pranzo, con la cena, vengono da noi a fare i lavori che non vogliamo più fare o che non sappiamo più fare perché sono i lavori sporchi, lavori pericolosi, i lavori notturni. Ecco, mi pare che era uscito di Calderoni non abbia tenuto conto di tante cose e la si deve iscrivere nel, voglio dire nel darvi lo della passionalità, così come un'espressione che io non conosco di di Colombo, Ma che mi rifiuto di ritenere offensiva per principio, può prestarsi anche anch'essa a qualche censura, ma non di ordine, però, voglio dire, né ideologico e politico in senso stretto, che sgorga da una situazione che, Oserei dire, richiede da parte di un cittadino italiano che ci si debba ribellare di fronte a un giudizio come quello che è stato espresso nei confronti della squadra Francesca.",6186.695,170.47200000000066
SPEAKER_07,"Francesco, Grazie, grazie, catalizzato alimentare che possiamo concludere.",6357.825,3.814
SPEAKER_10,che possiamo concludere così:,6361.638,0.861
SPEAKER_20,Guidami così questa parentesi dei lavori. Io penso che la,6362.499,4.439000000000306
SPEAKER_10,arbitrariamente.,6366.583,1.417
SPEAKER_06,arbitrariamente. mi prendo questa responsabilità di interpretando poi gli interventi che sono:,6366.684,6.261
SPEAKER_07,"contabilità di interventi, per pretendo poi gli interventi, che sono stati anche molto.",6370.498,3.443000000000211
SPEAKER_10,"vedi che sono stati anche molto diversi per argomenti e per tono di poter dire: quello che è stato detto, lo dice.",6373.94,5.062
SPEAKER_06,"lo dicevo poc'anzi, da parte del presidente, Nania concerto per ho ripreso tanti altri colleghi, forse il collega",6379.003,7.324
SPEAKER_10,"collega Calderoli ha detto una frase che non condividi nessuno, e forse ha freddo nemmeno lui stesso.",6386.327,4.59
SPEAKER_06,"nemmeno lui stesso, però devo informare Laura le Colle.",6390.917,3.021
SPEAKER_10,"Laura, le colleghe di colleghi che il presidente del Senato ha ricevuto una lettera da parte dell'ambasciatore francese, che naturalmente è a sue.",6393.937,9.011
SPEAKER_20,"naturalmente è su esame, rispetto al quale poi prenderà.",6402.948,3.054
SPEAKER_06,prenderà le dovute determinata.,6406.003,1.215
SPEAKER_20,prenderà le dovute determinazione. aveva chiesto.,6406.948,3.053999999999178
SPEAKER_06,"aveva chiesto poc'anzi di intervenire il collega, il senatore. strano, perché cosa, Se no in coda alla seduta? soltanto però mi dici perché mi deve dire perché, per quale motivo? per riprendere quanto detto dal senatore Zavoli poc'anzi sulla la discussione senatore, la diffusione.",6409.496,27.893999999999323
SPEAKER_10,per che cosa?,6416.87,0.034
SPEAKER_18,Per che cosa sei?,6416.904,0.574
SPEAKER_20,"No, in coda alla seduta soltanto perché.",6419.992,1.772
SPEAKER_10,canti sulla coronavirus.,6428.312,2.548
SPEAKER_10,senatore. La discussione è già chiusa.,6435.72,5.653
SPEAKER_07,punto è già chiusa.,6439.685,0.321
SPEAKER_08,"punto è già chiusa, senatore, va bene.",6439.719,4.725
SPEAKER_07,bicchieri.,6442.335,0.506
SPEAKER_10,"bicchiere. va bene, senatore, devo togliere la parola.",6442.419,2.666
SPEAKER_14,senatore Pepe.,6444.444,0.017
SPEAKER_10,"Grazie. comunico che sono pervenute alla presidenza mozioni, interpellanze e interrogazioni pubblicate nell'allegato B al resoconto della seduta odierna.",6448.443,12.353000000000065
SPEAKER_07,"odierna. la seduta Pertanto è tolta. Grazie,",6460.796,2.987
SPEAKER_10,chiedo scusa. devo leggere l'ordine del giorno di domani.,6468.778,2.936
SPEAKER_10,"domani abbiamo l'ordine del giorno del Domani. è il primo punto: la conversione in legge, con modificazioni, del decreto-legge 7 giugno 2006, numero 206, recante disposizioni urgenti in materia di IVA per i canoni.",6472.457,12.892
SPEAKER_06,"carte di canoni demaniali marittimi, che già stato approvato dalla camera dei depu.",6485.349,3.628
SPEAKER_07,dalla camera dei deputati.,6488.977,1.029
SPEAKER_06,dei Deputati.,6489.585,0.017
SPEAKER_10,"al secondo punto: conversione in legge con modificazioni del decreto-legge 12 giugno 2006, numero 210, recante disposizioni finanziarie urgenti in materia di pubblica istruzione. anch'esso ha trovato della Camera dei Deputati. la seduta di domani avrà inizio alle ore 9:30, quella successiva alle ore 16:30. Grazie, la seduta adesso.",6490.007,24.992
SPEAKER_07,"Grazie, la seduta adesso è davvero tolta.",6514.998,0.793
